{"t":1621.542000055313,"tau":1.476101723207102e+44,"energy":8.083925197968306e+47,"pantheon":{"Astra":{"name":"Astra","level":0,"influence":3291.285728336131},"Chronos":{"name":"Chronos","level":0,"influence":3291.285728336131},"Logos":{"name":"Logos","level":0,"influence":3291.285728336131}},"unlocked":{"foundation.ready":true,"bus.online":true,"pantheon.visible":true,"anchor.available":true},"tier":1,"ts":1756429349.777,"label":"auto"}