{"t":1651.5590000152588,"tau":9.731099210779594e+44,"energy":5.339658485482117e+48,"pantheon":{"Astra":{"name":"Astra","level":0,"influence":3414.477299680044},"Chronos":{"name":"Chronos","level":0,"influence":3414.477299680044},"Logos":{"name":"Logos","level":0,"influence":3414.477299680044}},"unlocked":{"foundation.ready":true,"bus.online":true,"pantheon.visible":true,"anchor.available":true},"tier":1,"ts":1756429379.794,"label":"auto"}