{"t":1531.4710001945496,"tau":5.489551519444123e+41,"energy":2.835488525558315e+45,"pantheon":{"Astra":{"name":"Astra","level":0,"influence":2937.0578400348118},"Chronos":{"name":"Chronos","level":0,"influence":2937.0578400348118},"Logos":{"name":"Logos","level":0,"influence":2937.0578400348118}},"unlocked":{"foundation.ready":true,"bus.online":true,"pantheon.visible":true,"anchor.available":true},"tier":1,"ts":1756429259.706,"label":"auto"}