{"t":1591.5060000419617,"tau":2.314141596176211e+43,"energy":1.2171376952031844e+47,"pantheon":{"Astra":{"name":"Astra","level":0,"influence":3170.293055901882},"Chronos":{"name":"Chronos","level":0,"influence":3170.293055901882},"Logos":{"name":"Logos","level":0,"influence":3170.293055901882}},"unlocked":{"foundation.ready":true,"bus.online":true,"pantheon.visible":true,"anchor.available":true},"tier":1,"ts":1756429319.741,"label":"auto"}