{"t":1561.5010001659393,"tau":3.4271247997127835e+42,"energy":1.837244553647374e+46,"pantheon":{"Astra":{"name":"Astra","level":0,"influence":3051.62284084485},"Chronos":{"name":"Chronos","level":0,"influence":3051.62284084485},"Logos":{"name":"Logos","level":0,"influence":3051.62284084485}},"unlocked":{"foundation.ready":true,"bus.online":true,"pantheon.visible":true,"anchor.available":true},"tier":1,"ts":1756429289.736,"label":"auto"}